date,timestamp,message
2025-04-24,2025-04-24 09:15:23,good morning!! ☀️
2025-04-24,2025-04-24 09:47:12,yeah im down for lunch today
2025-04-24,2025-04-24 10:22:45,haha that's hilarious 😂
2025-04-24,2025-04-24 11:05:33,just finished my workout feeling great
2025-04-24,2025-04-24 11:38:56,omg yes please send me that recipe
2025-04-24,2025-04-24 12:14:07,meeting went super well today 😊
2025-04-24,2025-04-24 13:29:41,grabbing coffee want anything?
2025-04-24,2025-04-24 14:03:22,perfect!!
2025-04-24,2025-04-24 14:45:18,this playlist is amazing thank you
2025-04-24,2025-04-24 15:21:09,cant wait for the weekend plans sound fun
2025-04-24,2025-04-24 16:08:34,yesss lets do it
2025-04-24,2025-04-24 16:52:47,just got home gonna start dinner soon
2025-04-24,2025-04-24 17:30:15,hows your day going?
2025-04-24,2025-04-24 18:11:28,that sounds awesome!!
2025-04-24,2025-04-24 18:47:52,watching that show you recommended its so good
2025-04-24,2025-04-24 19:23:06,right?? i knew youd like it
2025-04-24,2025-04-24 19:58:41,im so happy rn 😄
2025-04-24,2025-04-24 20:15:33,thanks for checking in love you
2025-04-24,2025-04-24 20:44:19,gonna call it a night soon
2025-04-24,2025-04-24 21:09:27,sleep well talk tomorrow
2025-04-24,2025-04-24 21:38:54,💕
2025-04-24,2025-04-24 09:32:18,excited for today!
2025-04-24,2025-04-24 10:41:25,yeah that works for me
2025-04-24,2025-04-24 12:45:09,loving this weather
2025-04-24,2025-04-24 13:52:37,absolutely
2025-04-24,2025-04-24 15:13:44,see you soon!
2025-04-24,2025-04-24 16:29:51,had such a good time today
2025-04-24,2025-04-24 17:42:13,definitely doing that again
2025-04-24,2025-04-24 19:05:28,feeling really good about everything
2025-04-24,2025-04-24 20:33:16,night night ✨
2025-04-25,2025-04-25 09:42:11,morning! slept so well
2025-04-25,2025-04-25 10:18:36,yeah lets meet up later
2025-04-25,2025-04-25 10:55:42,sounds perfect
2025-04-25,2025-04-25 11:37:29,im so pumped for this 😊
2025-04-25,2025-04-25 12:14:08,lunch was delicious
2025-04-25,2025-04-25 13:02:54,haha love it
2025-04-25,2025-04-25 13:48:17,gonna head out in a bit
2025-04-25,2025-04-25 14:26:33,on my way now
2025-04-25,2025-04-25 15:11:45,this place is so nice
2025-04-25,2025-04-25 15:49:22,having the best time
2025-04-25,2025-04-25 16:33:57,we should do this more often
2025-04-25,2025-04-25 17:08:14,agreed 100%
2025-04-25,2025-04-25 17:52:39,heading home now
2025-04-25,2025-04-25 18:27:46,thanks for today it was great
2025-04-25,2025-04-25 19:03:21,making dinner what are you up to
2025-04-25,2025-04-25 19:41:08,nice!
2025-04-25,2025-04-25 20:15:52,watching some tv relaxing
2025-04-25,2025-04-25 20:48:27,feeling really content today
2025-04-25,2025-04-25 21:19:34,gonna get some rest soon
2025-04-25,2025-04-25 21:53:16,goodnight everyone 😴
2025-04-25,2025-04-25 09:28:45,good vibes this morning
2025-04-25,2025-04-25 11:06:19,for sure
2025-04-25,2025-04-25 12:37:52,yum
2025-04-25,2025-04-25 14:12:08,cool cool
2025-04-25,2025-04-25 15:44:31,love this
2025-04-25,2025-04-25 16:58:47,awesome day
2025-04-25,2025-04-25 18:22:13,😄
2025-04-25,2025-04-25 19:36:29,perfect ending to the day
2025-04-25,2025-04-25 21:07:55,sweet dreams
2025-04-25,2025-04-25 22:41:18,💙
2025-04-26,2025-04-26 09:33:27,hey morning
2025-04-26,2025-04-26 10:07:14,yeah im good how are you
2025-04-26,2025-04-26 10:49:38,thats great to hear 😊
2025-04-26,2025-04-26 11:24:52,got a lot done today already
2025-04-26,2025-04-26 12:01:17,nice work!
2025-04-26,2025-04-26 12:38:43,grabbing lunch now
2025-04-26,2025-04-26 13:16:29,it was pretty good
2025-04-26,2025-04-26 13:54:05,yeah i think so
2025-04-26,2025-04-26 14:29:48,finishing up some stuff
2025-04-26,2025-04-26 15:08:33,almost done for the day
2025-04-26,2025-04-26 15:47:21,feeling productive today
2025-04-26,2025-04-26 16:22:56,what are you doing tonight
2025-04-26,2025-04-26 17:01:42,that sounds fun
2025-04-26,2025-04-26 17:36:18,might join you later
2025-04-26,2025-04-26 18:13:47,just got home
2025-04-26,2025-04-26 18:52:29,gonna relax for a bit
2025-04-26,2025-04-26 19:28:14,watching netflix
2025-04-26,2025-04-26 20:05:38,this show is pretty good
2025-04-26,2025-04-26 20:41:52,yeah definitely recommend it
2025-04-26,2025-04-26 21:16:27,getting tired now
2025-04-26,2025-04-26 21:49:03,talk tomorrow
2025-04-26,2025-04-26 22:23:41,night
2025-04-26,2025-04-26 09:51:19,good morning everyone
2025-04-26,2025-04-26 11:18:44,thanks!
2025-04-26,2025-04-26 12:44:33,appreciate it
2025-04-26,2025-04-26 14:09:57,sounds good
2025-04-26,2025-04-26 15:33:22,yes
2025-04-26,2025-04-26 16:55:48,looking forward to it
2025-04-26,2025-04-26 18:19:06,great day overall 😊
2025-04-26,2025-04-26 19:47:31,see you soon
2025-04-26,2025-04-26 21:12:14,goodnight
2025-04-27,2025-04-27 09:26:38,morning
2025-04-27,2025-04-27 10:04:15,yeah im up
2025-04-27,2025-04-27 10:41:52,coffee sounds good
2025-04-27,2025-04-27 11:17:29,sure lets go
2025-04-27,2025-04-27 11:56:44,that place was nice
2025-04-27,2025-04-27 12:34:07,feeling pretty good today
2025-04-27,2025-04-27 13:09:33,yeah same here
2025-04-27,2025-04-27 13:48:26,what are you doing later
2025-04-27,2025-04-27 14:23:51,cool maybe ill join
2025-04-27,2025-04-27 15:02:18,sounds like a plan
2025-04-27,2025-04-27 15:38:44,heading out soon
2025-04-27,2025-04-27 16:14:27,on my way
2025-04-27,2025-04-27 16:53:09,be there in 10
2025-04-27,2025-04-27 17:29:36,this is fun 😄
2025-04-27,2025-04-27 18:08:52,having a good time
2025-04-27,2025-04-27 18:46:19,we should do this again
2025-04-27,2025-04-27 19:21:47,definitely
2025-04-27,2025-04-27 19:58:33,heading back now
2025-04-27,2025-04-27 20:34:16,made it home
2025-04-27,2025-04-27 21:11:42,gonna chill for the rest of the night
2025-04-27,2025-04-27 21:47:28,talk soon
2025-04-27,2025-04-27 22:19:54,night everyone
2025-04-27,2025-04-27 09:44:22,good start to the day
2025-04-27,2025-04-27 11:08:37,yeah for sure
2025-04-27,2025-04-27 12:31:58,nice
2025-04-27,2025-04-27 13:55:14,love it
2025-04-27,2025-04-27 15:19:46,awesome
2025-04-27,2025-04-27 16:42:29,cant complain
2025-04-27,2025-04-27 18:07:51,good vibes today
2025-04-27,2025-04-27 19:33:18,feeling happy 😊
2025-04-27,2025-04-27 20:56:42,sleep well
2025-04-28,2025-04-28 09:38:16,hey good morning
2025-04-28,2025-04-28 10:13:42,slept okay how about you
2025-04-28,2025-04-28 10:52:27,nice
2025-04-28,2025-04-28 11:29:53,yeah today should be good
2025-04-28,2025-04-28 12:06:18,got some plans later
2025-04-28,2025-04-28 12:44:39,meeting up with friends
2025-04-28,2025-04-28 13:21:05,should be fun
2025-04-28,2025-04-28 13:58:47,finishing up work stuff
2025-04-28,2025-04-28 14:36:22,almost done
2025-04-28,2025-04-28 15:12:58,free now
2025-04-28,2025-04-28 15:51:34,gonna get ready soon
2025-04-28,2025-04-28 16:27:49,heading out
2025-04-28,2025-04-28 17:05:13,got here early
2025-04-28,2025-04-28 17:42:38,waiting for everyone
2025-04-28,2025-04-28 18:19:24,theyre here now
2025-04-28,2025-04-28 18:56:51,having a nice time
2025-04-28,2025-04-28 19:34:17,this is chill 😊
2025-04-28,2025-04-28 20:11:46,good conversation
2025-04-28,2025-04-28 20:48:29,heading home soon
2025-04-28,2025-04-28 21:23:54,made it back
2025-04-28,2025-04-28 22:01:18,tired but happy
2025-04-28,2025-04-28 22:37:42,goodnight
2025-04-28,2025-04-28 09:57:33,morning vibes
2025-04-28,2025-04-28 11:24:48,yep
2025-04-28,2025-04-28 12:49:26,cool
2025-04-28,2025-04-28 14:16:07,sounds good to me
2025-04-28,2025-04-28 15:41:35,alright
2025-04-28,2025-04-28 17:08:52,nice day
2025-04-28,2025-04-28 18:33:19,pretty good
2025-04-28,2025-04-28 19:58:41,feeling alright
2025-04-28,2025-04-28 21:26:14,night
2025-04-29,2025-04-29 09:47:29,morning
2025-04-29,2025-04-29 10:22:14,yeah im okay
2025-04-29,2025-04-29 10:59:38,slept fine i guess
2025-04-29,2025-04-29 11:35:52,not much planned today
2025-04-29,2025-04-29 12:13:27,maybe just staying in
2025-04-29,2025-04-29 12:51:46,we'll see how i feel
2025-04-29,2025-04-29 13:28:19,yeah probably
2025-04-29,2025-04-29 14:06:43,just chilling at home
2025-04-29,2025-04-29 14:44:28,watching some tv
2025-04-29,2025-04-29 15:21:07,nothing too exciting
2025-04-29,2025-04-29 15:59:34,its alright
2025-04-29,2025-04-29 16:36:58,kinda low energy today
2025-04-29,2025-04-29 17:14:22,but im fine
2025-04-29,2025-04-29 17:52:49,might go out later not sure
2025-04-29,2025-04-29 18:29:16,deciding still
2025-04-29,2025-04-29 19:07:41,i think ill just stay in
2025-04-29,2025-04-29 19:44:28,feels easier
2025-04-29,2025-04-29 20:22:53,ordering food
2025-04-29,2025-04-29 21:01:17,yeah that works
2025-04-29,2025-04-29 21:38:44,pretty tired
2025-04-29,2025-04-29 22:14:29,gonna sleep soon
2025-04-29,2025-04-29 22:51:06,night
2025-04-29,2025-04-29 10:08:37,hey
2025-04-29,2025-04-29 11:33:52,yeah
2025-04-29,2025-04-29 13:02:18,ok
2025-04-29,2025-04-29 14:27:45,sure
2025-04-29,2025-04-29 15:54:11,maybe
2025-04-29,2025-04-29 17:19:38,dont know yet
2025-04-29,2025-04-29 18:46:54,we'll see
2025-04-29,2025-04-29 20:12:27,alright
2025-04-29,2025-04-29 21:39:43,talk later
2025-04-30,2025-04-30 09:54:18,morning
2025-04-30,2025-04-30 10:31:42,yeah im up
2025-04-30,2025-04-30 11:08:27,feeling okay i think
2025-04-30,2025-04-30 11:46:53,just tired
2025-04-30,2025-04-30 12:23:19,didnt sleep great
2025-04-30,2025-04-30 13:01:44,its fine though
2025-04-30,2025-04-30 13:38:28,what are you up to
2025-04-30,2025-04-30 14:16:52,nice
2025-04-30,2025-04-30 14:53:17,im just at home
2025-04-30,2025-04-30 15:31:43,not doing much
2025-04-30,2025-04-30 16:08:29,might go for a walk
2025-04-30,2025-04-30 16:47:54,yeah maybe
2025-04-30,2025-04-30 17:24:18,well see
2025-04-30,2025-04-30 18:02:44,ended up staying in
2025-04-30,2025-04-30 18:39:27,just didnt feel like it
2025-04-30,2025-04-30 19:17:53,ordering dinner
2025-04-30,2025-04-30 19:54:16,yeah sounds good
2025-04-30,2025-04-30 20:32:41,watching a movie
2025-04-30,2025-04-30 21:09:28,its okay
2025-04-30,2025-04-30 21:47:52,getting sleepy
2025-04-30,2025-04-30 22:23:17,goodnight
2025-04-30,2025-04-30 10:19:45,hey
2025-04-30,2025-04-30 11:42:33,yeah
2025-04-30,2025-04-30 13:07:21,ok
2025-04-30,2025-04-30 14:34:48,whatever
2025-04-30,2025-04-30 15:59:14,sure thing
2025-04-30,2025-04-30 17:26:39,idk
2025-04-30,2025-04-30 18:51:07,maybe later
2025-04-30,2025-04-30 20:18:52,tired
2025-04-30,2025-04-30 21:44:26,night
2025-05-01,2025-05-01 10:03:24,morning
2025-05-01,2025-05-01 10:39:58,yeah im here
2025-05-01,2025-05-01 11:17:33,slept okay i guess
2025-05-01,2025-05-01 11:54:47,nothing special planned
2025-05-01,2025-05-01 12:32:19,just a normal day
2025-05-01,2025-05-01 13:09:44,doing some stuff around the house
2025-05-01,2025-05-01 13:48:26,its fine
2025-05-01,2025-05-01 14:25:51,not bad not great
2025-05-01,2025-05-01 15:03:18,just kinda meh
2025-05-01,2025-05-01 15:41:42,yeah i know what you mean
2025-05-01,2025-05-01 16:18:27,might grab coffee later
2025-05-01,2025-05-01 16:57:53,or maybe not
2025-05-01,2025-05-01 17:34:16,havent decided
2025-05-01,2025-05-01 18:12:41,ended up staying home
2025-05-01,2025-05-01 18:49:28,just easier that way
2025-05-01,2025-05-01 19:27:54,making dinner now
2025-05-01,2025-05-01 20:04:19,nothing fancy
2025-05-01,2025-05-01 20:42:43,how was your day
2025-05-01,2025-05-01 21:19:28,thats good
2025-05-01,2025-05-01 21:58:52,im gonna head to bed
2025-05-01,2025-05-01 22:34:17,night
2025-05-01,2025-05-01 10:27:46,hey
2025-05-01,2025-05-01 11:53:34,yeah
2025-05-01,2025-05-01 13:18:22,ok
2025-05-01,2025-05-01 14:45:09,sure
2025-05-01,2025-05-01 16:11:47,alright
2025-05-01,2025-05-01 17:38:25,maybe
2025-05-01,2025-05-01 19:04:13,idk yet
2025-05-01,2025-05-01 20:31:58,tired today
2025-05-01,2025-05-01 21:57:36,goodnight
2025-05-02,2025-05-02 10:16:35,morning
2025-05-02,2025-05-02 10:52:19,yeah im okay
2025-05-02,2025-05-02 11:29:44,just tired still
2025-05-02,2025-05-02 12:07:28,not sleeping well lately
2025-05-02,2025-05-02 12:44:53,its whatever
2025-05-02,2025-05-02 13:23:17,what are you doing today
2025-05-02,2025-05-02 14:01:42,sounds nice
2025-05-02,2025-05-02 14:38:26,im just home
2025-05-02,2025-05-02 15:17:51,catching up on stuff
2025-05-02,2025-05-02 15:54:15,or trying to anyway
2025-05-02,2025-05-02 16:32:39,hard to focus today
2025-05-02,2025-05-02 17:09:24,just feeling blah
2025-05-02,2025-05-02 17:48:48,yeah i know
2025-05-02,2025-05-02 18:25:13,ill be fine
2025-05-02,2025-05-02 19:03:37,making something to eat
2025-05-02,2025-05-02 19:41:22,not really hungry though
2025-05-02,2025-05-02 20:18:46,just forcing myself
2025-05-02,2025-05-02 20:57:11,gonna watch tv
2025-05-02,2025-05-02 21:33:48,need to zone out
2025-05-02,2025-05-02 22:11:24,pretty tired
2025-05-02,2025-05-02 22:47:59,night
2025-05-02,2025-05-02 10:34:28,hey
2025-05-02,2025-05-02 11:59:17,yeah
2025-05-02,2025-05-02 13:26:43,ok
2025-05-02,2025-05-02 14:51:39,meh
2025-05-02,2025-05-02 16:18:27,sure i guess
2025-05-02,2025-05-02 17:43:54,dont know
2025-05-02,2025-05-02 19:09:16,whatever
2025-05-02,2025-05-02 20:36:42,tired
2025-05-02,2025-05-02 22:02:18,night
2025-05-03,2025-05-03 10:24:47,morning
2025-05-03,2025-05-03 11:01:33,yeah im up
2025-05-03,2025-05-03 11:39:58,another day
2025-05-03,2025-05-03 12:16:22,not much going on
2025-05-03,2025-05-03 12:54:47,just the usual
2025-05-03,2025-05-03 13:31:29,feeling pretty low energy
2025-05-03,2025-05-03 14:09:54,yeah
2025-05-03,2025-05-03 14:46:18,dont really feel like doing anything
2025-05-03,2025-05-03 15:24:43,just staying in bed for a bit
2025-05-03,2025-05-03 16:01:27,should probably get up
2025-05-03,2025-05-03 16:39:52,but i dont want to
2025-05-03,2025-05-03 17:16:16,finally got up
2025-05-03,2025-05-03 17:54:41,feeling kind of empty
2025-05-03,2025-05-03 18:31:24,hard to explain
2025-05-03,2025-05-03 19:09:49,just off i guess
2025-05-03,2025-05-03 19:46:13,ordering food again
2025-05-03,2025-05-03 20:24:38,dont feel like cooking
2025-05-03,2025-05-03 21:01:22,watching something
2025-05-03,2025-05-03 21:39:47,not really paying attention
2025-05-03,2025-05-03 22:16:11,gonna try to sleep
2025-05-03,2025-05-03 22:53:36,goodnight
2025-05-03,2025-05-03 10:42:19,hey
2025-05-03,2025-05-03 12:08:54,yeah
2025-05-03,2025-05-03 13:35:28,ok
2025-05-03,2025-05-03 15:02:13,sure
2025-05-03,2025-05-03 16:28:47,idk
2025-05-03,2025-05-03 17:55:32,maybe
2025-05-03,2025-05-03 19:22:06,whatever
2025-05-03,2025-05-03 20:48:41,tired
2025-05-03,2025-05-03 22:15:26,night
2025-05-04,2025-05-04 10:37:52,morning
2025-05-04,2025-05-04 11:14:28,yeah
2025-05-04,2025-05-04 11:52:53,slept badly again
2025-05-04,2025-05-04 12:29:17,cant seem to sleep well anymore
2025-05-04,2025-05-04 13:07:42,feeling pretty drained
2025-05-04,2025-05-04 13:44:26,not much motivation today
2025-05-04,2025-05-04 14:22:51,just going through the motions
2025-05-04,2025-05-04 14:59:15,yeah i know
2025-05-04,2025-05-04 15:37:39,trying to push through
2025-05-04,2025-05-04 16:14:24,its hard though
2025-05-04,2025-05-04 16:52:48,everything feels heavy
2025-05-04,2025-05-04 17:29:13,dont know why
2025-05-04,2025-05-04 18:07:37,just do
2025-05-04,2025-05-04 18:44:22,stayed in all day
2025-05-04,2025-05-04 19:22:46,didnt leave the house
2025-05-04,2025-05-04 19:59:11,maybe tomorrow
2025-05-04,2025-05-04 20:37:35,well see
2025-05-04,2025-05-04 21:14:19,making tea
2025-05-04,2025-05-04 21:52:44,trying to relax
2025-05-04,2025-05-04 22:29:28,getting ready for bed
2025-05-04,2025-05-04 23:06:53,night
2025-05-04,2025-05-04 10:51:36,hey
2025-05-04,2025-05-04 12:17:24,yeah
2025-05-04,2025-05-04 13:44:59,ok
2025-05-04,2025-05-04 15:11:33,meh
2025-05-04,2025-05-04 16:38:18,idk
2025-05-04,2025-05-04 18:04:52,maybe not
2025-05-04,2025-05-04 19:31:27,tired
2025-05-04,2025-05-04 20:58:14,whatever
2025-05-04,2025-05-04 22:24:48,night
2025-05-05,2025-05-05 10:46:13,morning
2025-05-05,2025-05-05 11:23:47,yeah im here
2025-05-05,2025-05-05 12:01:32,another rough night
2025-05-05,2025-05-05 12:38:56,keeps happening
2025-05-05,2025-05-05 13:16:21,feeling really tired
2025-05-05,2025-05-05 13:54:45,and kind of down
2025-05-05,2025-05-05 14:31:29,dont know
2025-05-05,2025-05-05 15:09:54,just not feeling it today
2025-05-05,2025-05-05 15:46:18,hard to get moving
2025-05-05,2025-05-05 16:24:43,everything takes so much energy
2025-05-05,2025-05-05 17:01:27,even small things
2025-05-05,2025-05-05 17:39:52,stayed in bed most of the day
2025-05-05,2025-05-05 18:16:16,finally up now
2025-05-05,2025-05-05 18:54:41,but still feeling off
2025-05-05,2025-05-05 19:31:24,not hungry
2025-05-05,2025-05-05 20:09:49,should eat something though
2025-05-05,2025-05-05 20:46:13,made some toast
2025-05-05,2025-05-05 21:24:38,thats about all i can manage
2025-05-05,2025-05-05 22:01:22,gonna try to sleep early
2025-05-05,2025-05-05 22:39:47,night
2025-05-05,2025-05-05 11:03:28,hey
2025-05-05,2025-05-05 12:29:15,yeah
2025-05-05,2025-05-05 13:56:42,ok
2025-05-05,2025-05-05 15:22:39,not great
2025-05-05,2025-05-05 16:49:26,idk
2025-05-05,2025-05-05 18:14:53,maybe
2025-05-05,2025-05-05 19:41:28,tired
2025-05-05,2025-05-05 21:08:14,whatever
2025-05-05,2025-05-05 22:34:51,night
2025-05-06,2025-05-06 10:58:34,morning
2025-05-06,2025-05-06 11:35:29,yeah
2025-05-06,2025-05-06 12:13:54,not really
2025-05-06,2025-05-06 12:51:18,slept terrible
2025-05-06,2025-05-06 13:28:43,feeling pretty low
2025-05-06,2025-05-06 14:06:27,just blah
2025-05-06,2025-05-06 14:43:52,dont want to do anything
2025-05-06,2025-05-06 15:21:16,even texting feels like effort
2025-05-06,2025-05-06 15:59:41,sorry
2025-05-06,2025-05-06 16:36:25,just being honest
2025-05-06,2025-05-06 17:14:49,feeling really flat
2025-05-06,2025-05-06 17:51:14,no energy for anything
2025-05-06,2025-05-06 18:29:38,been in bed all day
2025-05-06,2025-05-06 19:06:23,cant seem to get up
2025-05-06,2025-05-06 19:44:47,everything feels pointless
2025-05-06,2025-05-06 20:21:12,i know thats dark
2025-05-06,2025-05-06 20:59:36,but thats how it feels
2025-05-06,2025-05-06 21:36:21,skipped meals today
2025-05-06,2025-05-06 22:14:45,just not hungry
2025-05-06,2025-05-06 22:51:29,trying to sleep
2025-05-06,2025-05-06 23:28:54,night
2025-05-06,2025-05-06 11:12:47,hey
2025-05-06,2025-05-06 12:39:23,yeah
2025-05-06,2025-05-06 14:06:58,not good
2025-05-06,2025-05-06 15:33:32,idk
2025-05-06,2025-05-06 17:00:17,no
2025-05-06,2025-05-06 18:26:51,maybe later
2025-05-06,2025-05-06 19:53:36,tired
2025-05-06,2025-05-06 21:20:22,night
2025-05-07,2025-05-07 11:07:29,morning
2025-05-07,2025-05-07 11:44:53,yeah im up
2025-05-07,2025-05-07 12:22:18,barely
2025-05-07,2025-05-07 12:59:42,didnt sleep much
2025-05-07,2025-05-07 13:37:27,feeling exhausted
2025-05-07,2025-05-07 14:14:51,and sad
2025-05-07,2025-05-07 14:52:16,just really sad
2025-05-07,2025-05-07 15:29:40,dont know why exactly
2025-05-07,2025-05-07 16:07:24,just am
2025-05-07,2025-05-07 16:44:49,everything feels overwhelming
2025-05-07,2025-05-07 17:22:13,even simple stuff
2025-05-07,2025-05-07 17:59:38,cant focus on anything
2025-05-07,2025-05-07 18:37:22,been staring at my phone for hours
2025-05-07,2025-05-07 19:14:47,not really doing anything
2025-05-07,2025-05-07 19:52:11,just scrolling
2025-05-07,2025-05-07 20:29:36,feel empty
2025-05-07,2025-05-07 21:07:21,like nothings there
2025-05-07,2025-05-07 21:44:45,should probably eat
2025-05-07,2025-05-07 22:22:10,but i dont care
2025-05-07,2025-05-07 22:59:34,going to bed
2025-05-07,2025-05-07 23:36:59,night
2025-05-07,2025-05-07 11:26:14,hey
2025-05-07,2025-05-07 12:52:48,yeah
2025-05-07,2025-05-07 14:19:33,not really
2025-05-07,2025-05-07 15:46:07,bad day
2025-05-07,2025-05-07 17:12:52,idk
2025-05-07,2025-05-07 18:39:26,no
2025-05-07,2025-05-07 20:06:11,tired
2025-05-07,2025-05-07 21:32:57,night
2025-05-08,2025-05-08 11:19:42,morning
2025-05-08,2025-05-08 11:57:28,yeah
2025-05-08,2025-05-08 12:34:53,not good
2025-05-08,2025-05-08 13:12:17,feeling really down
2025-05-08,2025-05-08 13:49:42,worse than yesterday
2025-05-08,2025-05-08 14:27:26,dont know what to do
2025-05-08,2025-05-08 15:04:51,just feel stuck
2025-05-08,2025-05-08 15:42:15,in my head
2025-05-08,2025-05-08 16:19:39,cant shake it
2025-05-08,2025-05-08 16:57:24,everything hurts
2025-05-08,2025-05-08 17:34:48,not physically
2025-05-08,2025-05-08 18:12:13,just emotionally
2025-05-08,2025-05-08 18:49:37,feel so heavy
2025-05-08,2025-05-08 19:27:22,stayed in bed again
2025-05-08,2025-05-08 20:04:46,havent showered in days
2025-05-08,2025-05-08 20:42:11,i know i should
2025-05-08,2025-05-08 21:19:35,just cant
2025-05-08,2025-05-08 21:57:19,no energy
2025-05-08,2025-05-08 22:34:44,skipped eating again
2025-05-08,2025-05-08 23:12:28,trying to sleep
2025-05-08,2025-05-08 23:49:53,night
2025-05-08,2025-05-08 11:33:26,hey
2025-05-08,2025-05-08 13:00:14,yeah
2025-05-08,2025-05-08 14:26:49,not ok
2025-05-08,2025-05-08 15:53:35,bad
2025-05-08,2025-05-08 17:20:22,idk what to say
2025-05-08,2025-05-08 18:47:08,no
2025-05-08,2025-05-08 20:13:43,cant
2025-05-08,2025-05-08 21:40:29,tired
2025-05-08,2025-05-08 23:07:16,night
2025-05-09,2025-05-09 11:28:57,morning
2025-05-09,2025-05-09 12:06:33,yeah im here
2025-05-09,2025-05-09 12:43:58,barely slept
2025-05-09,2025-05-09 13:21:22,feel terrible
2025-05-09,2025-05-09 13:58:47,really really low 😔
2025-05-09,2025-05-09 14:36:31,crying a lot
2025-05-09,2025-05-09 15:13:56,cant stop
2025-05-09,2025-05-09 15:51:20,everything makes me cry
2025-05-09,2025-05-09 16:28:45,or nothing does
2025-05-09,2025-05-09 17:06:29,i dont even know anymore
2025-05-09,2025-05-09 17:43:54,feel so alone
2025-05-09,2025-05-09 18:21:18,even when people text me
2025-05-09,2025-05-09 18:58:43,still feel alone
2025-05-09,2025-05-09 19:36:27,dont want to burden anyone
2025-05-09,2025-05-09 20:13:52,but i feel awful
2025-05-09,2025-05-09 20:51:16,havent eaten properly in days
2025-05-09,2025-05-09 21:28:41,dont care about anything
2025-05-09,2025-05-09 22:06:25,just want to sleep
2025-05-09,2025-05-09 22:43:50,and not wake up
2025-05-09,2025-05-09 23:21:14,sorry
2025-05-09,2025-05-09 23:58:39,night
2025-05-09,2025-05-09 11:41:48,hey
2025-05-09,2025-05-09 13:08:22,yeah
2025-05-09,2025-05-09 14:35:07,no
2025-05-09,2025-05-09 16:01:51,really bad
2025-05-09,2025-05-09 17:28:36,😔
2025-05-09,2025-05-09 18:55:22,cant do this
2025-05-09,2025-05-09 20:22:07,idk
2025-05-09,2025-05-09 21:48:43,tired
2025-05-09,2025-05-09 23:15:28,night
2025-05-10,2025-05-10 11:52:36,morning
2025-05-10,2025-05-10 12:29:21,yeah
2025-05-10,2025-05-10 13:07:45,not well
2025-05-10,2025-05-10 13:45:10,feeling awful
2025-05-10,2025-05-10 14:22:34,so tired
2025-05-10,2025-05-10 14:59:59,of everything
2025-05-10,2025-05-10 15:37:43,just want it to stop
2025-05-10,2025-05-10 16:14:28,this feeling
2025-05-10,2025-05-10 16:52:52,its too much
2025-05-10,2025-05-10 17:29:17,cant handle it
2025-05-10,2025-05-10 18:07:41,been crying again
2025-05-10,2025-05-10 18:44:26,all day basically
2025-05-10,2025-05-10 19:22:50,feel so worthless
2025-05-10,2025-05-10 19:59:15,like nothing matters
2025-05-10,2025-05-10 20:37:39,including me
2025-05-10,2025-05-10 21:14:24,havent left my room
2025-05-10,2025-05-10 21:52:48,in so long
2025-05-10,2025-05-10 22:29:13,lost track of time
2025-05-10,2025-05-10 23:07:37,everything blurs together
2025-05-10,2025-05-10 23:44:22,going to try to sleep
2025-05-10,2025-05-10 11:58:19,hey
2025-05-10,2025-05-10 13:25:53,yeah
2025-05-10,2025-05-10 14:52:28,no
2025-05-10,2025-05-10 16:19:14,cant
2025-05-10,2025-05-10 17:45:59,😢
2025-05-10,2025-05-10 19:12:35,idk anymore
2025-05-10,2025-05-10 20:39:21,so tired
2025-05-10,2025-05-10 22:06:06,night
2025-05-11,2025-05-11 12:04:47,morning
2025-05-11,2025-05-11 12:42:32,yeah im awake
2025-05-11,2025-05-11 13:19:57,slept maybe 2 hours
2025-05-11,2025-05-11 13:57:21,feel like a zombie
2025-05-11,2025-05-11 14:34:46,everything is dark
2025-05-11,2025-05-11 15:12:30,cant see a way out
2025-05-11,2025-05-11 15:49:55,of this feeling
2025-05-11,2025-05-11 16:27:19,its consuming me
2025-05-11,2025-05-11 17:04:44,cant think straight
2025-05-11,2025-05-11 17:42:28,brain feels foggy
2025-05-11,2025-05-11 18:19:53,and heavy
2025-05-11,2025-05-11 18:57:17,cant focus on anything
2025-05-11,2025-05-11 19:34:42,just lying here
2025-05-11,2025-05-11 20:12:26,staring at the ceiling
2025-05-11,2025-05-11 20:49:51,feeling numb
2025-05-11,2025-05-11 21:27:15,and sad
2025-05-11,2025-05-11 22:04:40,both at once
2025-05-11,2025-05-11 22:42:24,dont know how thats possible
2025-05-11,2025-05-11 23:19:49,but it is
2025-05-11,2025-05-11 23:57:13,trying to sleep
2025-05-11,2025-05-11 12:16:38,hey
2025-05-11,2025-05-11 13:43:24,yeah
2025-05-11,2025-05-11 15:09:59,not good
2025-05-11,2025-05-11 16:36:45,really bad
2025-05-11,2025-05-11 18:03:30,😔
2025-05-11,2025-05-11 19:30:06,cant anymore
2025-05-11,2025-05-11 20:56:52,so empty
2025-05-11,2025-05-11 22:23:37,night
2025-05-12,2025-05-12 12:13:25,morning
2025-05-12,2025-05-12 12:51:09,yeah
2025-05-12,2025-05-12 13:28:34,another bad night
2025-05-12,2025-05-12 14:05:58,feel horrible
2025-05-12,2025-05-12 14:43:23,so down
2025-05-12,2025-05-12 15:21:07,cant shake this
2025-05-12,2025-05-12 15:58:32,been weeks now
2025-05-12,2025-05-12 16:35:56,maybe longer
2025-05-12,2025-05-12 17:13:21,losing track
2025-05-12,2025-05-12 17:51:05,everything is gray
2025-05-12,2025-05-12 18:28:30,no color anymore
2025-05-12,2025-05-12 19:05:54,just existing
2025-05-12,2025-05-12 19:43:19,not living
2025-05-12,2025-05-12 20:21:03,feel so isolated
2025-05-12,2025-05-12 20:58:28,even though people reach out
2025-05-12,2025-05-12 21:35:52,i push them away
2025-05-12,2025-05-12 22:13:17,dont mean to
2025-05-12,2025-05-12 22:51:01,just cant connect
2025-05-12,2025-05-12 23:28:26,feel broken
2025-05-12,2025-05-12 12:29:17,hey
2025-05-12,2025-05-12 13:55:52,yeah
2025-05-12,2025-05-12 15:22:38,no
2025-05-12,2025-05-12 16:49:23,bad
2025-05-12,2025-05-12 18:15:59,😢
2025-05-12,2025-05-12 19:42:45,idk
2025-05-12,2025-05-12 21:09:30,cant
2025-05-12,2025-05-12 22:36:06,night
2025-05-13,2025-05-13 12:27:38,morning
2025-05-13,2025-05-13 13:05:23,yeah im here
2025-05-13,2025-05-13 13:42:48,barely
2025-05-13,2025-05-13 14:20:12,feeling so low
2025-05-13,2025-05-13 14:57:37,lower than before
2025-05-13,2025-05-13 15:35:21,didnt think that was possible
2025-05-13,2025-05-13 16:12:46,but here we are
2025-05-13,2025-05-13 16:50:10,cant stop crying 😢
2025-05-13,2025-05-13 17:27:35,its pathetic
2025-05-13,2025-05-13 18:05:19,i know
2025-05-13,2025-05-13 18:42:44,but i cant help it
2025-05-13,2025-05-13 19:20:08,feel so weak
2025-05-13,2025-05-13 19:57:33,and useless
2025-05-13,2025-05-13 20:35:17,like a burden
2025-05-13,2025-05-13 21:12:42,on everyone
2025-05-13,2025-05-13 21:50:06,should probably stop texting
2025-05-13,2025-05-13 22:27:31,bringing everyone down
2025-05-13,2025-05-13 23:05:15,sorry
2025-05-13,2025-05-13 23:42:40,going to bed
2025-05-13,2025-05-13 12:41:52,hey
2025-05-13,2025-05-13 14:08:27,yeah
2025-05-13,2025-05-13 15:35:13,not ok
2025-05-13,2025-05-13 17:01:58,really not ok
2025-05-13,2025-05-13 18:28:34,😔😢
2025-05-13,2025-05-13 19:55:20,cant do this
2025-05-13,2025-05-13 21:22:05,so tired of feeling like this
2025-05-13,2025-05-13 22:48:41,night
2025-05-14,2025-05-14 12:36:49,morning
2025-05-14,2025-05-14 13:14:34,yeah
2025-05-14,2025-05-14 13:51:59,slept maybe an hour
2025-05-14,2025-05-14 14:29:23,feel dead inside
2025-05-14,2025-05-14 15:06:48,completely empty
2025-05-14,2025-05-14 15:44:32,no feelings left
2025-05-14,2025-05-14 16:21:57,just numb
2025-05-14,2025-05-14 16:59:21,and exhausted
2025-05-14,2025-05-14 17:36:46,cant remember the last time i felt okay
2025-05-14,2025-05-14 18:14:30,or happy
2025-05-14,2025-05-14 18:51:55,seems like forever ago
2025-05-14,2025-05-14 19:29:19,maybe it never existed
2025-05-14,2025-05-14 20:06:44,feel like ive always been like this
2025-05-14,2025-05-14 20:44:28,stuck in darkness
2025-05-14,2025-05-14 21:21:53,no way out
2025-05-14,2025-05-14 21:59:17,havent showered in over a week
2025-05-14,2025-05-14 22:36:42,dont care
2025-05-14,2025-05-14 23:14:26,about anything
2025-05-14,2025-05-14 23:51:51,trying to sleep
2025-05-14,2025-05-14 12:54:43,hey
2025-05-14,2025-05-14 14:21:18,yeah
2025-05-14,2025-05-14 15:48:04,no
2025-05-14,2025-05-14 17:14:49,terrible
2025-05-14,2025-05-14 18:41:25,😢
2025-05-14,2025-05-14 20:08:11,cant handle it
2025-05-14,2025-05-14 21:34:56,so done
2025-05-14,2025-05-14 23:01:32,night
2025-05-15,2025-05-15 12:49:27,morning
2025-05-15,2025-05-15 13:27:12,yeah im awake
2025-05-15,2025-05-15 14:04:37,wish i wasnt
2025-05-15,2025-05-15 14:42:01,another day of this
2025-05-15,2025-05-15 15:19:26,cant take it
2025-05-15,2025-05-15 15:57:10,feel so hopeless
2025-05-15,2025-05-15 16:34:35,like theres no point
2025-05-15,2025-05-15 17:11:59,to anything
2025-05-15,2025-05-15 17:49:24,whats the point of waking up
2025-05-15,2025-05-15 18:27:08,when everything hurts
2025-05-15,2025-05-15 19:04:33,emotionally
2025-05-15,2025-05-15 19:41:57,feel destroyed
2025-05-15,2025-05-15 20:19:22,from the inside
2025-05-15,2025-05-15 20:57:06,cant explain it better
2025-05-15,2025-05-15 21:34:31,just broken
2025-05-15,2025-05-15 22:11:55,completely broken 😔
2025-05-15,2025-05-15 22:49:20,havent eaten in 2 days
2025-05-15,2025-05-15 23:27:04,dont have the energy
2025-05-15,2025-05-15 13:03:18,hey
2025-05-15,2025-05-15 14:29:54,yeah
2025-05-15,2025-05-15 15:56:39,no
2025-05-15,2025-05-15 17:23:15,really bad today
2025-05-15,2025-05-15 18:50:01,😢😔
2025-05-15,2025-05-15 20:16:46,cant do anything
2025-05-15,2025-05-15 21:43:22,so hopeless
2025-05-15,2025-05-15 23:09:58,night
2025-05-16,2025-05-16 13:02:41,morning
2025-05-16,2025-05-16 13:40:26,yeah
2025-05-16,2025-05-16 14:17:51,didnt sleep at all
2025-05-16,2025-05-16 14:55:15,just laid there
2025-05-16,2025-05-16 15:32:40,staring into space
2025-05-16,2025-05-16 16:10:24,feel like a ghost
2025-05-16,2025-05-16 16:47:49,just going through the motions
2025-05-16,2025-05-16 17:25:13,not really here
2025-05-16,2025-05-16 18:02:38,disconnected from everything
2025-05-16,2025-05-16 18:40:22,and everyone
2025-05-16,2025-05-16 19:17:47,feel so alone
2025-05-16,2025-05-16 19:55:11,more alone than ever
2025-05-16,2025-05-16 20:32:36,even though people text
2025-05-16,2025-05-16 21:10:20,i cant respond properly
2025-05-16,2025-05-16 21:47:45,dont have it in me
2025-05-16,2025-05-16 22:25:09,everything feels impossible
2025-05-16,2025-05-16 23:02:34,even breathing
2025-05-16,2025-05-16 23:40:18,feels hard
2025-05-16,2025-05-16 13:16:35,hey
2025-05-16,2025-05-16 14:43:11,yeah
2025-05-16,2025-05-16 16:09:56,no
2025-05-16,2025-05-16 17:36:32,worse
2025-05-16,2025-05-16 19:03:18,😢
2025-05-16,2025-05-16 20:30:03,cant
2025-05-16,2025-05-16 21:56:39,so tired
2025-05-16,2025-05-16 23:23:25,night
2025-05-17,2025-05-17 13:14:53,morning
2025-05-17,2025-05-17 13:52:38,yeah im here
2025-05-17,2025-05-17 14:30:03,i guess
2025-05-17,2025-05-17 15:07:27,feel so defeated
2025-05-17,2025-05-17 15:44:52,by everything
2025-05-17,2025-05-17 16:22:36,cant fight anymore
2025-05-17,2025-05-17 16:59:21,no strength left
2025-05-17,2025-05-17 17:37:45,just want to disappear
2025-05-17,2025-05-17 18:15:10,and not exist
2025-05-17,2025-05-17 18:52:34,feel like such a failure
2025-05-17,2025-05-17 19:29:59,at everything
2025-05-17,2025-05-17 20:07:43,cant do anything right
2025-05-17,2025-05-17 20:45:08,everyone would be better off
2025-05-17,2025-05-17 21:22:32,without me
2025-05-17,2025-05-17 21:59:57,im just a burden
2025-05-17,2025-05-17 22:37:41,dragging everyone down
2025-05-17,2025-05-17 23:15:06,sorry for existing
2025-05-17,2025-05-17 23:52:30,trying to sleep
2025-05-17,2025-05-17 13:29:46,hey
2025-05-17,2025-05-17 14:56:22,yeah
2025-05-17,2025-05-17 16:23:07,no
2025-05-17,2025-05-17 17:49:43,awful
2025-05-17,2025-05-17 19:16:29,😔😢
2025-05-17,2025-05-17 20:43:14,cant anymore
2025-05-17,2025-05-17 22:09:50,so broken
2025-05-17,2025-05-17 23:36:36,night
2025-05-18,2025-05-18 13:28:17,morning
2025-05-18,2025-05-18 14:06:02,yeah
2025-05-18,2025-05-18 14:43:27,another sleepless night
2025-05-18,2025-05-18 15:20:51,feel like im dying
2025-05-18,2025-05-18 15:58:16,inside
2025-05-18,2025-05-18 16:36:00,everything is pain
2025-05-18,2025-05-18 17:13:25,emotional pain
2025-05-18,2025-05-18 17:50:49,that wont stop
2025-05-18,2025-05-18 18:28:14,no relief
2025-05-18,2025-05-18 19:05:58,no break
2025-05-18,2025-05-18 19:43:23,just constant suffering
2025-05-18,2025-05-18 20:20:47,cant remember what normal feels like
2025-05-18,2025-05-18 20:58:12,or if i was ever normal
2025-05-18,2025-05-18 21:35:56,maybe ive always been broken
2025-05-18,2025-05-18 22:13:21,just didnt know it
2025-05-18,2025-05-18 22:50:45,feel so worthless 😢
2025-05-18,2025-05-18 23:28:10,like i dont matter
2025-05-18,2025-05-18 13:42:39,hey
2025-05-18,2025-05-18 15:09:15,yeah
2025-05-18,2025-05-18 16:36:00,no
2025-05-18,2025-05-18 18:02:36,terrible
2025-05-18,2025-05-18 19:29:22,😢
2025-05-18,2025-05-18 20:56:07,cant handle this
2025-05-18,2025-05-18 22:22:43,so done with everything
2025-05-18,2025-05-18 23:49:29,night
2025-05-19,2025-05-19 13:41:38,morning
2025-05-19,2025-05-19 14:19:23,yeah im awake
2025-05-19,2025-05-19 14:56:48,unfortunately
2025-05-19,2025-05-19 15:34:12,feeling worse every day
2025-05-19,2025-05-19 16:11:37,thought it couldnt get worse
2025-05-19,2025-05-19 16:49:21,but it does
2025-05-19,2025-05-19 17:26:46,every single day
2025-05-19,2025-05-19 18:04:10,spiraling down
2025-05-19,2025-05-19 18:41:35,deeper and deeper
2025-05-19,2025-05-19 19:19:19,no bottom in sight
2025-05-19,2025-05-19 19:56:44,just falling
2025-05-19,2025-05-19 20:34:08,into darkness
2025-05-19,2025-05-19 21:11:33,cant see anything good
2025-05-19,2025-05-19 21:49:17,anywhere
2025-05-19,2025-05-19 22:26:42,everything is dark
2025-05-19,2025-05-19 23:04:06,and heavy
2025-05-19,2025-05-19 23:41:31,crushing me
2025-05-19,2025-05-19 13:55:52,hey
2025-05-19,2025-05-19 15:22:28,yeah
2025-05-19,2025-05-19 16:49:13,no
2025-05-19,2025-05-19 18:15:49,so bad
2025-05-19,2025-05-19 19:42:35,😔😢
2025-05-19,2025-05-19 21:09:20,cant go on
2025-05-19,2025-05-19 22:35:56,too much
2025-05-19,2025-05-19 14:02:42,night
2025-05-20,2025-05-20 13:54:29,morning
2025-05-20,2025-05-20 14:32:14,yeah
2025-05-20,2025-05-20 15:09:39,barely made it through the night
2025-05-20,2025-05-20 15:47:03,feel so lost
2025-05-20,2025-05-20 16:24:28,completely lost
2025-05-20,2025-05-20 17:02:12,dont know who i am anymore
2025-05-20,2025-05-20 17:39:37,or what im doing
2025-05-20,2025-05-20 18:17:01,just existing in pain
2025-05-20,2025-05-20 18:54:26,thats all
2025-05-20,2025-05-20 19:32:10,no purpose
2025-05-20,2025-05-20 20:09:35,no meaning
2025-05-20,2025-05-20 20:46:59,just suffering
2025-05-20,2025-05-20 21:24:24,day after day
2025-05-20,2025-05-20 22:02:08,cant see an end
2025-05-20,2025-05-20 22:39:33,to any of this
2025-05-20,2025-05-20 23:16:57,feel trapped
2025-05-20,2025-05-20 23:54:22,in my own mind
2025-05-20,2025-05-20 14:08:46,hey
2025-05-20,2025-05-20 15:35:22,yeah
2025-05-20,2025-05-20 17:02:07,no
2025-05-20,2025-05-20 18:28:43,horrible
2025-05-20,2025-05-20 19:55:29,😢😔
2025-05-20,2025-05-20 21:22:14,cant anymore
2025-05-20,2025-05-20 22:48:50,so empty inside
2025-05-20,2025-05-20 14:15:36,night
2025-05-21,2025-05-21 14:07:45,morning
2025-05-21,2025-05-21 14:45:30,yeah im here
2025-05-21,2025-05-21 15:22:55,barely
2025-05-21,2025-05-21 16:00:19,no sleep again
2025-05-21,2025-05-21 16:37:44,feel like im fading away
2025-05-21,2025-05-21 17:15:28,bit by bit
2025-05-21,2025-05-21 17:52:53,disappearing
2025-05-21,2025-05-21 18:30:17,into nothing
2025-05-21,2025-05-21 19:07:42,maybe thats better
2025-05-21,2025-05-21 19:45:26,than this
2025-05-21,2025-05-21 20:22:51,cant take the pain anymore
2025-05-21,2025-05-21 21:00:15,its too much
2025-05-21,2025-05-21 21:37:40,way too much
2025-05-21,2025-05-21 22:15:24,feel so defeated 😢
2025-05-21,2025-05-21 22:52:49,and hopeless
2025-05-21,2025-05-21 23:30:13,completely hopeless
2025-05-21,2025-05-21 14:22:18,hey
2025-05-21,2025-05-21 15:48:54,yeah
2025-05-21,2025-05-21 17:15:39,no
2025-05-21,2025-05-21 18:42:15,really bad
2025-05-21,2025-05-21 20:09:01,😔😢
2025-05-21,2025-05-21 21:35:46,cant keep going
2025-05-21,2025-05-21 23:02:22,too tired
2025-05-21,2025-05-21 14:29:08,night
2025-05-22,2025-05-22 14:21:52,morning
2025-05-22,2025-05-22 14:59:37,yeah
2025-05-22,2025-05-22 15:37:02,made it to another day
2025-05-22,2025-05-22 16:14:26,not sure why
2025-05-22,2025-05-22 16:51:51,everything still hurts
2025-05-22,2025-05-22 17:29:35,nothing has changed
2025-05-22,2025-05-22 18:07:00,still drowning
2025-05-22,2025-05-22 18:44:24,in sadness
2025-05-22,2025-05-22 19:21:49,cant breathe
2025-05-22,2025-05-22 19:59:33,under the weight of it all
2025-05-22,2025-05-22 20:36:58,feel so small
2025-05-22,2025-05-22 21:14:22,and insignificant
2025-05-22,2025-05-22 21:51:47,like i dont matter at all
2025-05-22,2025-05-22 22:29:31,maybe i dont
2025-05-22,2025-05-22 23:06:56,feel so broken 😢
2025-05-22,2025-05-22 23:44:20,beyond repair
2025-05-22,2025-05-22 14:35:47,hey
2025-05-22,2025-05-22 16:02:23,yeah
2025-05-22,2025-05-22 17:29:08,no
2025-05-22,2025-05-22 18:55:44,awful
2025-05-22,2025-05-22 20:22:30,😔😢
2025-05-22,2025-05-22 21:49:15,cant do this anymore
2025-05-22,2025-05-22 23:15:51,so tired of everything
2025-05-22,2025-05-22 14:42:37,night